团购名称,独角大王,飞,rena,快乐奕周,lib-09,媛媛,张严严,SJTUZQ,Krissy
每日团,#小程序://快团团/3dX5Lcf1xmcYCQy,#小程序://快团团/8I50Mt3WhvOdo0a,#小程序://快团团/f89ll5xuhevP6Do,#小程序://快团团/OXFI03WZ1EXaeZG,#小程序://快团团/U9EJd86OBGnh7Sx,#小程序://快团团/X798zkZlricecPc,#小程序://快团团/5zhJcm6OuMCef9v,#小程序://快团团/5O9LvVMx0N5qtCg,#小程序://快团团/BRjdgCCDhGzJq8G
山姆,#小程序://快团团/C2c8g0z0ZpbgoKu,#小程序://快团团/u0lgf9UYQznjxed,#小程序://快团团/WH0h1JD5GfNeb4A,#小程序://快团团/9fTTdd570FkjhjA,#小程序://快团团/gA0LNOO02kLrf1I,#小程序://快团团/PS9WFbPcDaGSfMH,#小程序://快团团/MI3W4uaMGfnYh3f,#小程序://快团团/QAp0e8sqtn44SDH,#小程序://快团团/GTzRbRizqj1oSrj
奥乐齐,#小程序://快团团/usatSSh1cIBQA0B,#小程序://快团团/cj8QzPJS7Nkby5H,#小程序://快团团/xvsFfkaEivSN2Ub,#小程序://快团团/Ud30INkTxNGaUKt,#小程序://快团团/28kieDI81GpusbD,#小程序://快团团/vQXf146MYaoOqmq,#小程序://快团团/9jUZtKwTcAqRHBi,#小程序://快团团/O9l0AuCQhdafEht,#小程序://快团团/910e5PSJSAgFoiC
奥乐齐轻食,#小程序://快团团/xGi7jKbqiEVJiLz,#小程序://快团团/k36M08DN8GoABTj,#小程序://快团团/OoZhj3PYkrXFtRw,#小程序://快团团/QVYpWNXZXczCmZJ,#小程序://快团团/OUndRGp1vmXrpcq,#小程序://快团团/g2U738N0OD6z6mH,#小程序://快团团/djvndHjmmAUQ6qj,#小程序://快团团/4UvslHvWDkhERAu,#小程序://快团团/yd7bErcCvM0PC9v
国际饭店,#小程序://快团团/2Pu412RHfLIHYDJ,#小程序://快团团/7YCU3dcYVEqerba,#小程序://快团团/upbQOaFMGkqXu8b,#小程序://快团团/1lFj3Y01xu6Teds,#小程序://快团团/FJ3Oifh2jb0Rg3i,#小程序://快团团/YJCAlVHIVuukTRy,#小程序://快团团/nBnJHzaYHJTwzQt,#小程序://快团团/vxRGQjkbje5GMLg,#小程序://快团团/of42NM2GBvaImtz
苹果花园,#小程序://快团团/C4lZOQdGhyulzPJ,#小程序://快团团/AXk3FN7BFJ0O6lE,#小程序://快团团/zX5G6hS3EH2mYqj,#小程序://快团团/qsVBEutWquxm4iu,#小程序://快团团/D07aLQvdtMYlp5B,#小程序://快团团/WoZhIU51oDKekCm,#小程序://快团团/TrzG6rxDPDrt1mo,#小程序://快团团/w16IbC3oCxxMNYF,#小程序://快团团/YHQeh18uVm0iKxC
DrunkBaker,#小程序://快团团/xsoNHvKOPwsz2bF,#小程序://快团团/KkIPMQtihyT7XNw,#小程序://快团团/w1VZKWm7iKBTIrm,#小程序://快团团/hZnjAqCl7NlrPae,#小程序://快团团/vMJEtSUmrdOKByf,#小程序://快团团/ojrqaweE0f0x9wr,#小程序://快团团/205opzxycrDBKAF,#小程序://快团团/nuQp3KW6AIWnNeC,#小程序://快团团/ZAvn3mr0WJcWspk
盒马NB,#小程序://快团团/qGYVtQuMysiKvgl,#小程序://快团团/G1keQjVQiPWglZB,#小程序://快团团/wEZorhbE9Nd47Qh,#小程序://快团团/JRxrEJPvUuL0Vqj,#小程序://快团团/brVvGcPFnbObF8d,#小程序://快团团/yLPmHA5HajahU7C,#小程序://快团团/t1AJY1QdonIWrOo,#小程序://快团团/ta4zJECKjGPjjOx,#小程序://快团团/fKSll2iVUnoPt2F
创咖大牌茶点,#小程序://快团团/CQahFHhn5HmaORu,#小程序://快团团/3nPwinYiLoR5EVg,#小程序://快团团/Z1pgVVvPNv8ke2y,#小程序://快团团/CYT3Nj09WwPbRbf,#小程序://快团团/s7wblPJoZyk4yBr,#小程序://快团团/FgF819lPLo26P6f,#小程序://快团团/OxNyuzPnoMVyprE,#小程序://快团团/CQahFHhn5HmaORu,#小程序://快团团/0ERl6Uh3NIFG9Yt
紫燕百味鸡,#小程序://快团团/FINw9OnYvLdFngz,#小程序://快团团/l5CPjgObIvtyXlx,#小程序://快团团/ym1nCxwgfjmjCDB,#小程序://快团团/WXuu8BzYmJptmSz,#小程序://快团团/Yy569KBNxiy8Vwi,#小程序://快团团/dmOqk2YAFwFOb7d,#小程序://快团团/nqtIpSXSIjInNjD,#小程序://快团团/VCLykDBC5mKbv4m,
BUFF Tea·普惠大牌茶,#小程序://快团团/TSniHs158fLa4vl,#小程序://快团团/nUIcdd0jhc0KJei,#小程序://快团团/u4KRdGBHyq8V9PF,#小程序://快团团/CtpZ2CKFQnWJmzB,#小程序://快团团/YVXi4NY8igB1RSr,#小程序://快团团/OK1qrCzTIaovpEb,#小程序://快团团/E5HCe4guvIZxtWJ,#小程序://快团团/mlS3lcOrWyxfR2i,
B&C黄油与面包,#小程序://快团团/l12Tbw0Jij4EAAt,#小程序://快团团/WqwWsC0nmAtNQBD,#小程序://快团团/fMkrUmI2EjXvrfx,#小程序://快团团/bjISuNmIPF1s2qx,#小程序://快团团/kYBzC0Lh5LYaXeB,#小程序://快团团/PZhIzteNYcAWQcC,#小程序://快团团/4vzIZuL7vqY4Sci,#小程序://快团团/Dr6eYsPvmrndCKI,#小程序://快团团/tHgjSDSVuG9m5BD
古早万丹,#小程序://快团团/5G38sU8JYwJuuUC,#小程序://快团团/lKUnBTbNQuDJG1F,#小程序://快团团/IRVQSOhIpEe3Mht,#小程序://快团团/OgYvwOmeStSU1ok,#小程序://快团团/BpRg7teLZHGxH0C,#小程序://快团团/R8pTHpACcccgP6I,#小程序://快团团/TPIL1enNhgkh5Vz,#小程序://快团团/dalW98B1xjvYY9h,#小程序://快团团/R86osBWcIDgyxyj
白玉兰,#小程序://快团团/pw4P5XVWWMU57DA,#小程序://快团团/DB3XQ6fwGgwCeus,#小程序://快团团/LsIqHBOp2n7uuKf,#小程序://快团团/BuTAdQHrkezFKOC,#小程序://快团团/XEwDfPh1rrA7HrC,#小程序://快团团/BkoebR2TkfqaEJe,#小程序://快团团/ZLg6ItqBRqY1cSq,#小程序://快团团/jMoB4Si3faAFoLD,#小程序://快团团/VMqMXnFpYoVQKtw
鲍师傅,#小程序://快团团/SMuk2nfuQeAFKTl,#小程序://快团团/wN27IFxPXzaSR3a,#小程序://快团团/PruxjE603BjmAXu,#小程序://快团团/tCe2oA7fZhMMuwj,#小程序://快团团/Cr6WWKoMuMZuVRF,#小程序://快团团/NyDKUCo4ycLqCwk,#小程序://快团团/sJfgmQiEJoUrhEJ,#小程序://快团团/HW1boeoTZxB4v0q,
泸溪河,#小程序://快团团/A9PS2GrGWxGr5ma,#小程序://快团团/bWAbgTqQUvWocOJ,#小程序://快团团/intQiSIkSlwQhxx,#小程序://快团团/7U7vKKEkfER4FvC,#小程序://快团团/IwvfLeOh3MxEmlJ,#小程序://快团团/FYGpesfnXszlAdv,#小程序://快团团/Rihd5ekq5Hwu8Oy,#小程序://快团团/seNqGDtJwzbK6Xj,
泽田本家,#小程序://快团团/yxlhhcMQfP06MMB,#小程序://快团团/64WZBdeuBvvqsHq,#小程序://快团团/gLtwu25gHGU7Siv,#小程序://快团团/GNUUoQyVFeOrvYp,#小程序://快团团/qfEZl0b1Fk80abo,#小程序://快团团/nr75ES6DbwmYXZD,#小程序://快团团/Is8yq9bQgC0EB9c,#小程序://快团团/yOkNRdc0IrQ1Hgh,#小程序://快团团/DifKpXpzdfRNh9v
莉莲,#小程序://快团团/O7kcb5sLRATfwXr,#小程序://快团团/uYrJsGkV3pDkXzt,#小程序://快团团/vxAysfPECw4e8gE,#小程序://快团团/sGX8I3qJoCuUe8H,#小程序://快团团/iQ0XmU1t7N4kwvq,#小程序://快团团/iaPccSV9IMB5tYm,#小程序://快团团/XKiZ3iMccomyjWG,#小程序://快团团/ZwRFAYvYZNqYJYl,#小程序://快团团/jaSto2m7GEjmLwo
虹口糕团,#小程序://快团团/JmZchMdV7Hs8ruk,#小程序://快团团/3Zsv91AYQg06i3d,#小程序://快团团/GCVIdpbpzsdQR5C,#小程序://快团团/py9CGtSH1nYimMl,#小程序://快团团/7AgMBY8GXjGFlOG,#小程序://快团团/6MfVtoi1YxZDRKo,#小程序://快团团/MXN8KBNJKeK5IbI,#小程序://快团团/i6u8dbJSzlvzDUg,#小程序://快团团/EryisPYydD0skWA
读酥世家,#小程序://快团团/xETh1qgATDpgiCE,#小程序://快团团/DFdBkcTl2y07aQy,#小程序://快团团/jG79JaXcpvtoJah,#小程序://快团团/JMxYBmDJbNEmhKz,#小程序://快团团/swsmOvasnIqd9oC,#小程序://快团团/gpVJPgaMHiwROik,#小程序://快团团/8FD3elv26AD06iK,#小程序://快团团/DXW5RLqLCDnXaBg,#小程序://快团团/DY6nZI1YcN56T9k
杏花楼,#小程序://快团团/Jo2k2ntmRnQ1TOr,#小程序://快团团/o7UuEPiPIxLIkyH,#小程序://快团团/cQKJRSBU4iVp01b,#小程序://快团团/4gRxK6QfWfbOG3b,#小程序://快团团/USjtrGQA5IrWCJm,#小程序://快团团/helmkTFdMFlXjiA,#小程序://快团团/1NVWj1n0OurA4Ld,#小程序://快团团/eBStqM4nqEoMuli,
王家沙,#小程序://快团团/oU5apaDxzotBZzt,#小程序://快团团/eSRCHxf33zCoChE,#小程序://快团团/MfagQHgdhAoHJVt,#小程序://快团团/GtOPoJNrDl6It9s,#小程序://快团团/jBW0Zedqhqc9uYy,#小程序://快团团/pFHnZkxW5j87wFl,#小程序://快团团/EiNBZHbfvPNQLrd,#小程序://快团团/vm5rnzdlFFtjg2E,
盒马鲜生,#小程序://快团团/HqU59hAy8KbXhPn,#小程序://快团团/RDaa4ArepwViCwA,#小程序://快团团/7nuDmaMBzcYOM6B,#小程序://快团团/rLj2Wh1vAq1SJIf,#小程序://快团团/sfeQaUWgfIGUdDk,#小程序://快团团/xWvvSTe6rkGHCjC,#小程序://快团团/BEIXOoe4xQQPsGb,#小程序://快团团/RiovBKZUdpzAh2H,#小程序://快团团/2QRBrCXJ4vPYLFk
沈大成,#小程序://快团团/6cZUyrH1vvWMMvz,#小程序://快团团/TJtVuSSy3ywXz2i,#小程序://快团团/ewZLdFKp7ytmW6z,#小程序://快团团/U9WAokpdBNS89Ex,#小程序://快团团/Uk6HcNIIndNHTdo,#小程序://快团团/tni5R1VswNkNrdp,#小程序://快团团/ZtKZQfxE3vHgmCb,#小程序://快团团/97ybDiZsaayvV5t,
祐禾,#小程序://快团团/xAgmAvCXsDb87uc,#小程序://快团团/sm5jIZ3Zwo6ZLUq,#小程序://快团团/tKHy2dDarCZYohH,#小程序://快团团/HvNRWC4m4vriGsI,#小程序://快团团/3v2HtsVuuC66U6C,#小程序://快团团/eFs0Kq3iVFwviXI,#小程序://快团团/e80HrUmLDmoYwUp,#小程序://快团团/lrkXyO6k7I5gayF,
廣蓮申,#小程序://快团团/fDVHAaB22EmuyHv,#小程序://快团团/j2q9VVvOlcUXzPu,#小程序://快团团/Trvc4d7GpIG0Pmt,#小程序://快团团/PQ2CjlcGSgHFp4I,#小程序://快团团/EnZY6fVRSf6aSui,#小程序://快团团/81CXTXIT2x9neGu,#小程序://快团团/81CXTXIT2x9neGu,#小程序://快团团/8UWC2PGL6po1Amf,#小程序://快团团/fETLqttZ6IKdB0p
潘甬兴,#小程序://快团团/3FkJO0rRdi2KZKx,#小程序://快团团/CbClEsCikEUNaHp,#小程序://快团团/4qjjmR5ctkszxKe,#小程序://快团团/g3gumGPdrQrFIOi,#小程序://快团团/H9Szfc5YgtIL8Xt,#小程序://快团团/69OHnCeu6fYKMzo,#小程序://快团团/DpKDtkGn2zLqWwt,#小程序://快团团/8b63esdbTlWkdzA,
每日团饮品,#小程序://快团团/0RVp5KNbLuHXohv,#小程序://快团团/hpzdvBjq5kGpTMp,#小程序://快团团/MmqMdPhWhcHwrPp,#小程序://快团团/vRH0G48uxO3PTtB,#小程序://快团团/KvrUuVx0SB0m74I,#小程序://快团团/hXpKCvomqG275LD,#小程序://快团团/3QTGKeEsuw7hY0v,#小程序://快团团/mzvtW2z6fdr6OfD,#小程序://快团团/Mxq4MhWaovE6YKB
百丘,#小程序://快团团/I99uov6PCk725qG,#小程序://快团团/z6iNVtrl3kJZi2B,#小程序://快团团/BvAehxP5ufVrZ5g,#小程序://快团团/P5aMgsXulnzJbJC,#小程序://快团团/A3Uf8Ds2Xd4vepw,#小程序://快团团/6IUyjiFafaHlHMp,#小程序://快团团/qbPFbCEcyqHn29m,#小程序://快团团/vPoM6eJlfln8gbg,
